id,price
0,7413
1,2098
2,13755
3,391
4,2901
5,1845
6,1408
7,1229
8,4949
9,579
10,9049
11,2282
12,2045
13,828
14,1024
15,3674
16,1393
17,9235
18,1109
19,710
20,1177
21,911
22,7154
23,3862
24,4847
25,2253
26,5599
27,984
28,605
29,1657
30,2253
31,5207
32,844
33,2434
34,6291
35,5498
36,3125
37,3091
38,9069
39,571
40,6389
41,1389
42,2649
43,15485
44,6159
45,3321
46,2501
47,848
48,1689
49,827
50,2691
51,493
52,3082
53,1251
54,2819
55,984
56,847
57,1422
58,447
59,5523
60,802
61,575
62,4452
63,705
64,691
65,1030
66,11522
67,2801
68,4782
69,14775
70,2106
71,475
72,6104
73,3105
74,625
75,988
76,11635
77,4218
78,2812
79,6275
80,1221
81,8437
82,844
83,791
84,2294
85,3138
86,923
87,493
88,630
89,5242
90,2215
91,3901
92,757
93,3951
94,695
95,652
96,1024
97,6308
98,3511
99,4511
100,1177
101,2723
102,730
103,2659
104,6313
105,1778
106,2387
107,3999
108,8660
109,7711
110,698
111,4457
112,11534
113,969
114,3033
115,4234
116,684
117,5280
118,787
119,2200
120,1569
121,3614
122,873
123,2498
124,877
125,3164
126,4034
127,15025
128,6733
129,5091
130,1442
131,1436
132,1956
133,4805
134,4666
135,4962
136,827
137,517
138,489
139,928
140,3095
141,1267
142,3083
143,740
144,1388
145,7917
146,1226
147,4778
148,734
149,6183
150,2327
151,3497
152,2013
153,984
154,596
155,891
156,12779
157,8388
158,1753
159,882
160,4855
161,1877
162,4072
163,1076
164,1624
165,6822
166,8011
167,526
168,1297
169,1841
170,1107
171,895
172,1989
173,983
174,5233
175,789
176,1041
177,1556
178,3007
179,1028
180,544
181,5813
182,658
183,4126
184,1097
185,1046
186,2055
187,1307
188,4580
189,844
190,5085
191,9116
192,4187
193,1400
194,7996
195,4915
196,1250
197,1043
198,505
199,3500
200,1214
201,10351
202,926
203,1875
204,448
205,2176
206,8852
207,921
208,2169
209,4172
210,7313
211,886
212,2079
213,968
214,756
215,872
216,5301
217,1919
218,2889
219,4163
220,1207
221,2370
222,828
223,5544
224,357
225,6159
226,12231
227,1017
228,832
229,6843
230,8911
231,5783
232,10636
233,1691
234,450
235,658
236,3959
237,876
238,10088
239,8227
240,596
241,2567
242,10546
243,4867
244,1786
245,7233
246,11924
247,14165
248,4521
249,9082
250,3811
251,1363
252,4851
253,4902
254,2079
255,1090
256,625
257,1257
258,7532
259,608
260,4816
261,4704
262,644
263,4788
264,1668
265,604
266,429
267,1033
268,2069
269,15081
270,3998
271,3337
272,2519
273,838
274,449
275,2093
276,10692
277,710
278,1178
279,7007
280,752
281,982
282,2753
283,3619
284,1809
285,12958
286,8900
287,2929
288,6183
289,2616
290,12255
291,523
292,708
293,1153
294,7701
295,1624
296,4290
297,2792
298,1448
299,2364
300,14245
301,5551
302,8706
303,936
304,767
305,6520
306,10553
307,2881
308,692
309,10860
310,3495
311,3812
312,1450
313,579
314,507
315,2211
316,1771
317,6424
318,8005
319,468
320,2519
321,587
322,722
323,4291
324,1272
325,1255
326,3447
327,4316
328,459
329,7726
330,827
331,899
332,3089
333,3723
334,11726
335,886
336,816
337,11108
338,3823
339,10111
340,625
341,544
342,5828
343,6169
344,742
345,6410
346,5294
347,1069
348,446
349,2274
350,3903
351,1155
352,14067
353,4837
354,2230
355,707
356,2858
357,432
358,429
359,1810
360,574
361,1291
362,4007
363,4389
364,3135
365,3919
366,2145
367,3247
368,1107
369,3249
370,11677
371,12766
372,449
373,1241
374,698
375,2097
376,1728
377,545
378,8124
379,2648
380,709
381,2634
382,912
383,1844
384,8079
385,598
386,4692
387,1890
388,5433
389,734
390,1423
391,7096
392,947
393,1229
394,8431
395,2289
396,719
397,801
398,4604
399,911
400,8245
401,13061
402,2729
403,898
404,1442
405,7577
406,442
407,1442
408,4533
409,1904
410,8163
411,729
412,6870
413,5702
414,7945
415,1695
416,1819
417,13853
418,5529
419,896
420,2737
421,631
422,1008
423,3473
424,589
425,2105
426,1307
427,1721
428,4201
429,4350
430,10221
431,798
432,6168
433,628
434,5219
435,984
436,844
437,3981
438,2376
439,505
440,776
441,7059
442,5625
443,2277
444,1600
445,1743
446,1053
447,3415
448,2550
449,4873
450,2423
451,3489
452,1433
453,4773
454,1564
455,7324
456,2657
457,710
458,2692
459,3500
460,544
461,737
462,7130
463,2322
464,7604
465,819
466,1845
467,750
468,4963
469,6905
470,6019
471,776
472,1295
473,2756
474,2981
475,6108
476,2440
477,958
478,2686
479,8886
480,956
481,2593
482,5883
483,596
484,1063
485,2188
486,865
487,650
488,576
489,936
490,698
491,1238
492,3765
493,8900
494,7114
495,15802
496,2872
497,827
498,1927
499,706
500,658
501,614
502,956
503,1177
504,1356
505,4916
506,755
507,5347
508,493
509,3763
510,1094
511,663
512,10553
513,6542
514,735
515,2853
516,1187
517,4213
518,4243
519,6189
520,2385
521,5418
522,367
523,9030
524,4091
525,2890
526,7424
527,2558
528,4740
529,465
530,758
531,4980
532,2448
533,14167
534,1138
535,3952
536,4670
537,7226
538,1689
539,921
540,583
541,628
542,2567
543,5164
544,11430
545,7223
546,620
547,4630
548,810
549,547
550,6013
551,765
552,8279
553,2145
554,3112
555,8043
556,9821
557,2058
558,1814
559,1308
560,4458
561,2718
562,2608
563,2613
564,4007
565,5082
566,6229
567,7548
568,8115
569,636
570,1134
571,906
572,2701
573,4770
574,864
575,581
576,2912
577,14038
578,3799
579,891
580,525
581,882
582,2277
583,844
584,768
585,4263
586,724
587,1395
588,2869
589,3968
590,709
591,958
592,630
593,872
594,1061
595,5039
596,3577
597,1662
598,7898
599,4414
600,756
601,6389
602,867
603,2192
604,2800
605,1202
606,1056
607,10114
608,5355
609,2031
610,918
611,3795
612,647
613,5405
614,1259
615,1077
616,5218
617,12338
618,814
619,1129
620,2308
621,5116
622,4166
623,3795
624,1200
625,4685
626,1828
627,7114
628,9698
629,1046
630,3799
631,6115
632,2297
633,687
634,3213
635,680
636,552
637,4124
638,2078
639,2838
640,2386
641,1897
642,2835
643,435
644,959
645,2657
646,3539
647,625
648,1327
649,3019
650,714
651,14156
652,471
653,1764
654,1785
655,2451
656,2062
657,4479
658,645
659,3535
660,1664
661,2290
662,504
663,1207
664,1898
665,4879
666,3542
667,4252
668,1625
669,6140
670,923
671,13582
672,620
673,980
674,9942
675,4704
676,1868
677,698
678,1259
679,11455
680,1819
681,2573
682,1686
683,6053
684,3404
685,4368
686,2196
687,1746
688,2527
689,3242
690,9570
691,11540
692,15303
693,2390
694,3409
695,702
696,10356
697,605
698,9216
699,10071
700,4435
701,1114
702,9251
703,491
704,1240
705,790
706,384
707,764
708,4670
709,369
710,1050
711,1056
712,5280
713,984
714,828
715,552
716,1020
717,1583
718,3018
719,4956
720,5860
721,956
722,615
723,765
724,2594
725,9205
726,1009
727,1014
728,10934
729,995
730,3772
731,5132
732,4552
733,15043
734,12929
735,6007
736,4081
737,5809
738,4016
739,3968
740,15316
741,3087
742,525
743,7906
744,1072
745,10852
746,1605
747,4731
748,10861
749,4969
750,4537
751,2359
752,1033
753,7079
754,718
755,3796
756,2107
757,3206
758,11962
759,1580
760,5979
761,2057
762,4851
763,2015
764,1094
765,2086
766,1013
767,1046
768,926
769,1250
770,1238
771,4488
772,7485
773,603
774,2370
775,2387
776,4482
777,589
778,900
779,1657
780,1838
781,1130
782,505
783,4613
784,1574
785,1289
786,625
787,743
788,2964
789,1338
790,3619
791,650
792,9898
793,643
794,848
795,4255
796,876
797,7066
798,2062
799,802
800,817
801,8101
802,2634
803,3519
804,1073
805,683
806,8900
807,1111
808,3959
809,851
810,666
811,1038
812,683
813,838
814,840
815,2922
816,7727
817,1776
818,1341
819,1033
820,599
821,1286
822,2565
823,660
824,4439
825,4295
826,844
827,1197
828,3676
829,3040
830,5424
831,6946
832,2288
833,3640
834,6096
835,1040
836,8988
837,4120
838,2721
839,811
840,784
841,814
842,827
843,4155
844,6405
845,1048
846,4509
847,1056
848,6535
849,2767
850,9523
851,583
852,2298
853,3316
854,854
855,1041
856,2290
857,2245
858,2741
859,6797
860,4535
861,5017
862,807
863,619
864,5383
865,814
866,11021
867,3011
868,473
869,2513
870,1804
871,4867
872,1698
873,9254
874,2872
875,586
876,1094
877,934
878,5476
879,3869
880,3276
881,706
882,7059
883,811
884,1073
885,1814
886,3073
887,1814
888,596
889,741
890,667
891,3275
892,10744
893,3716
894,906
895,4281
896,11330
897,4662
898,896
899,1626
900,4381
901,10515
902,628
903,4897
904,9120
905,1007
906,3399
907,684
908,369
909,4414
910,802
911,707
912,4800
913,1000
914,382
915,10927
916,1338
917,878
918,2501
919,5622
920,2558
921,527
922,4209
923,830
924,4414
925,608
926,461
927,7092
928,7092
929,14267
930,999
931,9972
932,1584
933,3023
934,4641
935,4452
936,4205
937,485
938,2433
939,756
940,9092
941,552
942,4274
943,3668
944,746
945,3377
946,961
947,614
948,452
949,530
950,575
951,1624
952,586
953,2583
954,1616
955,9295
956,1911
957,4932
958,8371
959,3288
960,1803
961,1597
962,4671
963,755
964,1563
965,737
966,1768
967,1605
968,6798
969,2557
970,4401
971,3541
972,911
973,2826
974,1890
975,5167
976,5548
977,1668
978,3107
979,9525
980,1174
981,1956
982,5127
983,1676
984,734
985,4449
986,964
987,758
988,4712
989,2872
990,11666
991,5935
992,707
993,1690
994,1995
995,4007
996,14242
997,658
998,1882
999,10164
1000,2520
1001,1197
1002,6152
1003,7613
1004,14833
1005,10499
1006,828
1007,431
1008,833
1009,15053
1010,1395
1011,862
1012,11148
1013,11206
1014,2797
1015,7511
1016,3640
1017,7906
1018,619
1019,743
1020,3847
1021,2460
1022,1163
1023,1990
1024,658
1025,8794
1026,5166
1027,2269
1028,532
1029,421
1030,1563
1031,1637
1032,1588
1033,552
1034,900
1035,840
1036,6989
1037,755
1038,6439
1039,13809
1040,429
1041,9581
1042,631
1043,7418
1044,12810
1045,2528
1046,3919
1047,668
1048,6500
1049,9478
1050,1257
1051,526
1052,1116
1053,2674
1054,1214
1055,2812
1056,2359
1057,2923
1058,13267
1059,8905
1060,477
1061,8668
1062,5578
1063,596
1064,802
1065,3511
1066,3127
1067,4324
1068,503
1069,1226
1070,580
1071,491
1072,605
1073,7487
1074,3046
1075,3402
1076,7154
1077,2265
1078,3342
1079,664
1080,6360
1081,1192
1082,814
1083,4455
1084,2613
1085,1880
1086,5055
1087,3987
1088,715
1089,480
1090,565
1091,911
1092,472
1093,2275
1094,364
1095,4053
1096,742
1097,7272
1098,1359
1099,574
1100,744
1101,3024
1102,4285
1103,6442
1104,5784
1105,742
1106,1263
1107,3803
1108,14404
1109,7109
1110,805
1111,1142
1112,4606
1113,6662
1114,4196
1115,2373
1116,605
1117,8347
1118,982
1119,9781
1120,2889
1121,801
1122,11520
1123,8110
1124,8922
1125,1250
1126,8194
1127,11419
1128,5882
1129,1753
1130,11162
1131,3472
1132,1240
1133,4242
1134,2817
1135,765
1136,767
1137,1238
1138,838
1139,896
1140,8467
1141,5491
1142,1239
1143,1806
1144,526
1145,658
1146,799
1147,608
1148,596
1149,13965
1150,1988
1151,2570
1152,1580
1153,845
1154,5020
1155,462
1156,723
1157,748
1158,2167
1159,3952
1160,1115
1161,2394
1162,802
1163,4095
1164,15241
1165,3620
1166,640
1167,1397
1168,5261
1169,2946
1170,4840
1171,1397
1172,660
1173,1875
1174,1081
1175,487
1176,1909
1177,1263
1178,9009
1179,13157
1180,13811
1181,776
1182,465
1183,799
1184,983
1185,692
1186,3171
1187,3497
1188,5773
1189,2670
1190,2872
1191,1017
1192,11826
1193,709
1194,653
1195,663
1196,608
1197,4269
1198,1963
1199,1061
1200,4041
1201,622
1202,3524
1203,2593
1204,415
1205,15823
1206,628
1207,3325
1208,589
1209,2560
1210,720
1211,2981
1212,6099
1213,6745
1214,1069
1215,4211
1216,489
1217,618
1218,605
1219,2116
1220,5807
1221,11948
1222,6061
1223,965
1224,9235
1225,5120
1226,6741
1227,2838
1228,4611
1229,4407
1230,965
1231,4118
1232,3629
1233,1140
1234,772
1235,6326
1236,2966
1237,2739
1238,4721
1239,10575
1240,579
1241,3619
1242,5233
1243,8868
1244,6956
1245,12931
1246,788
1247,756
1248,1610
1249,1569
1250,7413
1251,7983
1252,466
1253,743
1254,7223
1255,544
1256,8080
1257,2040
1258,9731
1259,1087
1260,3248
1261,11958
1262,8543
1263,4429
1264,4072
1265,2016
1266,5622
1267,427
1268,863
1269,737
1270,829
1271,900
1272,7955
1273,1129
1274,2697
1275,3087
1276,13351
1277,544
1278,3710
1279,1153
1280,8408
1281,2657
1282,1793
1283,982
1284,11226
1285,3833
1286,1395
1287,1943
1288,622
1289,4127
1290,1109
1291,1340
1292,918
1293,516
1294,669
1295,13531
1296,2846
1297,7812
1298,941
1299,402
1300,2032
1301,2016
1302,8879
1303,756
1304,8527
1305,1061
1306,840
1307,13398
1308,764
1309,7098
1310,13298
1311,642
1312,945
1313,5090
1314,3004
1315,1007
1316,4041
1317,1654
1318,616
1319,5535
1320,1197
1321,3963
1322,709
1323,605
1324,3945
1325,3096
1326,3075
1327,2700
1328,8959
1329,5197
1330,2782
1331,2229
1332,990
1333,4456
1334,4082
1335,2511
1336,10567
1337,1976
1338,673
1339,3170
1340,3945
1341,1009
1342,898
1343,4360
1344,1804
1345,755
1346,2160
1347,6653
1348,8969
1349,5908
1350,9525
1351,3850
1352,3918
1353,2833
1354,2439
1355,11406
1356,450
1357,454
1358,1272
1359,6335
1360,1975
1361,5217
1362,5048
1363,2694
1364,912
1365,4162
1366,1559
1367,1033
1368,1883
1369,982
1370,4357
1371,692
1372,3164
1373,780
1374,2385
1375,1154
1376,1250
1377,660
1378,4480
1379,852
1380,615
1381,2334
1382,1439
1383,1367
1384,1580
1385,1064
1386,5416
1387,6129
1388,4958
1389,3751
1390,3975
1391,956
1392,3619
1393,709
1394,2450
1395,1760
1396,2161
1397,2363
1398,854
1399,14067
1400,2688
1401,877
1402,10238
1403,3382
1404,1003
1405,625
1406,5024
1407,12171
1408,4867
1409,4957
1410,605
1411,2381
1412,3504
1413,9292
1414,4764
1415,9022
1416,9912
1417,1637
1418,4218
1419,3493
1420,500
1421,4487
1422,2677
1423,956
1424,590
1425,10835
1426,702
1427,1006
1428,658
1429,683
1430,1977
1431,2652
1432,3772
1433,4916
1434,1333
1435,3989
1436,15801
1437,7806
1438,3674
1439,507
1440,5234
1441,1763
1442,523
1443,1570
1444,3584
1445,992
1446,9898
1447,9046
1448,9921
1449,4497
1450,6573
1451,10800
1452,6360
1453,4007
1454,5595
1455,11560
1456,8260
1457,864
1458,6361
1459,633
1460,720
1461,8546
1462,5964
1463,2174
1464,5538
1465,7357
1466,526
1467,4004
1468,751
1469,2467
1470,2211
1471,3735
1472,489
1473,6561
1474,9641
1475,8818
1476,649
1477,1342
1478,812
1479,2197
1480,6095
1481,10880
1482,10650
1483,1181
1484,5967
1485,10720
1486,579
1487,786
1488,1274
1489,3180
1490,1571
1491,4969
1492,2588
1493,1754
1494,733
1495,5090
1496,8333
1497,6645
1498,7813
1499,5207
1500,4766
1501,673
1502,421
1503,14429
1504,1323
1505,3965
1506,6275
1507,529
1508,1243
1509,3443
1510,3931
1511,3484
1512,593
1513,6652
1514,746
1515,970
1516,1875
1517,5048
1518,1041
1519,5040
1520,727
1521,1700
1522,4914
1523,1109
1524,516
1525,6108
1526,3185
1527,5831
1528,1708
1529,4520
1530,640
1531,3505
1532,6383
1533,4163
1534,11781
1535,2210
1536,1924
1537,707
1538,3287
1539,8138
1540,4769
1541,3724
1542,1160
1543,918
1544,13157
1545,1234
1546,827
1547,1033
1548,6618
1549,1076
1550,4805
1551,3057
1552,680
1553,794
1554,744
1555,6980
1556,4401
1557,827
1558,14444
1559,678
1560,13622
1561,421
1562,1002
1563,3325
1564,3906
1565,658
1566,4307
1567,1028
1568,1571
1569,628
1570,1619
1571,1615
1572,882
1573,2024
1574,605
1575,4210
1576,645
1577,8646
1578,1002
1579,612
1580,1985
1581,4416
1582,505
1583,9775
1584,882
1585,2780
1586,3818
1587,7602
1588,695
1589,776
1590,2485
1591,527
1592,2777
1593,2429
1594,11764
1595,6306
1596,3520
1597,561
1598,1008
1599,666
1600,576
1601,3472
1602,1728
1603,3105
1604,4038
1605,579
1606,8688
1607,7365
1608,3945
1609,1295
1610,1702
1611,561
1612,5774
1613,560
1614,814
1615,7802
1616,4580
1617,2290
1618,2764
1619,449
1620,4608
1621,3996
1622,9169
1623,984
1624,1817
1625,6808
1626,6518
1627,1843
1628,675
1629,5260
1630,492
1631,13307
1632,3629
1633,492
1634,1813
1635,4108
1636,3018
1637,625
1638,5582
1639,2445
1640,5225
1641,1311
1642,10064
1643,973
1644,708
1645,4432
1646,680
1647,700
1648,6702
1649,3212
1650,3145
1651,2079
1652,11303
1653,872
1654,8194
1655,906
1656,1728
1657,877
1658,3087
1659,477
1660,5914
1661,878
1662,1055
1663,1920
1664,758
1665,9315
1666,1709
1667,671
1668,1699
1669,666
1670,649
1671,3634
1672,2148
1673,1745
1674,1016
1675,1146
1676,3017
1677,1569
1678,2008
1679,2646
1680,992
1681,537
1682,694
1683,367
1684,5913
1685,2688
1686,2255
1687,878
1688,4105
1689,8462
1690,1598
1691,704
1692,4434
1693,816
1694,3670
1695,1240
1696,4196
1697,1076
1698,499
1699,5506
1700,3593
1701,5197
1702,799
1703,3966
1704,10246
1705,977
1706,668
1707,5531
1708,436
1709,2407
1710,968
1711,3709
1712,432
1713,1388
1714,675
1715,909
1716,1846
1717,709
1718,5539
1719,6038
1720,915
1721,948
1722,684
1723,1084
1724,13588
1725,2398
1726,1219
1727,1737
1728,1271
1729,511
1730,1814
1731,8181
1732,1652
1733,1897
1734,6289
1735,3574
1736,5375
1737,3652
1738,2131
1739,3694
1740,500
1741,4915
1742,764
1743,14256
1744,5338
1745,660
1746,1605
1747,461
1748,1013
1749,593
1750,1084
1751,683
1752,1656
1753,743
1754,1689
1755,5139
1756,2751
1757,540
1758,7104
1759,9236
1760,2733
1761,1698
1762,2431
1763,4549
1764,1549
1765,4140
1766,1079
1767,2772
1768,755
1769,2874
1770,1041
1771,8131
1772,2620
1773,997
1774,814
1775,2333
1776,798
1777,860
1778,683
1779,792
1780,3621
1781,626
1782,4325
1783,7036
1784,1571
1785,7256
1786,641
1787,9471
1788,2882
1789,9823
1790,13879
1791,4064
1792,859
1793,5587
1794,730
1795,10020
1796,928
1797,4707
1798,533
1799,769
1800,2289
1801,5783
1802,3891
1803,872
1804,842
1805,3001
1806,1289
1807,12193
1808,912
1809,1014
1810,1388
1811,1819
1812,11588
1813,4604
1814,984
1815,5476
1816,7096
1817,5517
1818,1403
1819,802
1820,7434
1821,1375
1822,1746
1823,1573
1824,936
1825,7598
1826,450
1827,2577
1828,9979
1829,633
1830,6095
1831,4038
1832,6036
1833,10202
1834,10761
1835,3799
1836,7727
1837,958
1838,1013
1839,8585
1840,827
1841,877
1842,2623
1843,505
1844,2944
1845,8669
1846,4704
1847,10164
1848,2360
1849,2527
1850,1124
1851,6360
1852,1619
1853,4580
1854,5121
1855,1326
1856,2264
1857,1624
1858,9636
1859,12151
1860,906
1861,911
1862,4114
1863,2335
1864,5322
1865,2967
1866,1333
1867,3619
1868,3555
1869,4243
1870,3734
1871,13825
1872,556
1873,1114
1874,2824
1875,5015
1876,1076
1877,11654
1878,765
1879,2058
1880,526
1881,3807
1882,3538
1883,7677
1884,4330
1885,990
1886,982
1887,1068
1888,1002
1889,1095
1890,7305
1891,923
1892,6710
1893,1778
1894,919
1895,3011
1896,2181
1897,2416
1898,1207
1899,761
1900,2423
1901,1021
1902,755
1903,938
1904,10861
1905,4921
1906,3420
1907,6007
1908,2453
1909,8080
1910,12432
1911,4126
1912,684
1913,2917
1914,477
1915,3171
1916,942
1917,3894
1918,2652
1919,683
1920,3696
1921,8115
1922,4168
1923,832
1924,5937
1925,872
1926,1267
1927,3520
1928,3640
1929,15238
1930,6296
1931,4068
1932,4223
1933,4970
1934,666
1935,2441
1936,1257
1937,7080
1938,1231
1939,5052
1940,7738
1941,707
1942,2300
1943,2513
1944,658
1945,1207
1946,1749
1947,1027
1948,7803
1949,1295
1950,5167
1951,2544
1952,1110
1953,1664
1954,2639
1955,6857
1956,8377
1957,1064
1958,2291
1959,9698
1960,969
1961,4079
1962,1395
1963,3376
1964,7487
1965,11540
1966,485
1967,5040
1968,943
1969,13904
1970,7066
1971,4754
1972,828
1973,1890
1974,1170
1975,5384
1976,1289
1977,2086
1978,680
1979,1616
1980,5485
1981,541
1982,2079
1983,5243
1984,2072
1985,891
1986,2534
1987,6249
1988,1758
1989,2258
1990,544
1991,9343
1992,11018
1993,1274
1994,4549
1995,6272
1996,2526
1997,2340
1998,1715
1999,1269
2000,533
2001,2726
2002,672
2003,6928
2004,4885
2005,1407
2006,2093
2007,1238
2008,5051
2009,523
2010,8580
2011,1140
2012,530
2013,2333
2014,4381
2015,1094
2016,1905
2017,1847
2018,909
2019,11756
2020,506
2021,1151
2022,1358
2023,10053
2024,1657
2025,2327
2026,9419
2027,485
2028,756
2029,6429
2030,13606
2031,5277
2032,1436
2033,740
2034,8977
2035,4320
2036,1422
2037,1546
2038,1566
2039,561
2040,394
2041,5671
2042,5722
2043,14148
2044,1790
2045,1619
2046,1080
2047,4989
2048,1009
2049,798
2050,10396
2051,1207
2052,707
2053,7412
2054,2792
2055,2045
2056,5569
2057,1754
2058,1746
2059,10277
2060,2560
2061,1002
2062,6399
2063,3464
2064,1758
2065,1239
2066,453
2067,3282
2068,432
2069,3580
2070,548
2071,2209
2072,8957
2073,2721
2074,4659
2075,1892
2076,848
2077,741
2078,1094
2079,2831
2080,3189
2081,3933
2082,2875
2083,12295
2084,415
2085,802
2086,726
2087,13686
2088,1192
2089,932
2090,1239
2091,1754
2092,969
2093,1230
2094,2718
2095,4467
2096,923
2097,596
2098,11294
2099,477
2100,2613
2101,599
2102,5393
2103,3798
2104,552
2105,776
2106,554
2107,6199
2108,995
2109,1664
2110,4346
2111,9710
2112,661
2113,14058
2114,605
2115,1289
2116,9115
2117,758
2118,5154
2119,660
2120,5122
2121,1187
2122,4967
2123,3639
2124,5214
2125,2206
2126,581
2127,3619
2128,2075
2129,5006
2130,971
2131,918
2132,6875
2133,1029
2134,984
2135,1343
2136,556
2137,1053
2138,2340
2139,3024
2140,4060
2141,15189
2142,704
2143,2562
2144,1601
2145,2841
2146,2041
2147,641
2148,2209
2149,3007
2150,5787
2151,8299
2152,923
2153,540
2154,2078
2155,2755
2156,778
2157,1571
2158,4218
2159,859
2160,4609
2161,716
2162,3371
2163,1158
2164,918
2165,8264
2166,10930
2167,13254
2168,2398
2169,625
2170,726
2171,2838
2172,11161
2173,720
2174,8929
2175,2352
2176,613
2177,4977
2178,9596
2179,394
2180,827
2181,9801
2182,391
2183,790
2184,1069
2185,2511
2186,760
2187,540
2188,1665
2189,1582
2190,1655
2191,754
2192,3293
2193,2372
2194,4592
2195,812
2196,743
2197,5929
2198,15729
2199,961
2200,2167
2201,1882
2202,984
2203,811
2204,1984
2205,4125
2206,2409
2207,5302
2208,1162
2209,3787
2210,12151
2211,1746
2212,15225
2213,2484
2214,1627
2215,800
2216,10063
2217,3318
2218,610
2219,2887
2220,911
2221,2800
2222,4434
2223,4238
2224,645
2225,631
2226,599
2227,2360
2228,6159
2229,2923
2230,1037
2231,2508
2232,3082
2233,2202
2234,4182
2235,1749
2236,2874
2237,5929
2238,2735
2239,792
2240,452
2241,1024
2242,534
2243,4717
2244,6666
2245,1408
2246,13462
2247,844
2248,4671
2249,2891
2250,593
2251,4185
2252,4348
2253,717
2254,915
2255,6458
2256,493
2257,3742
2258,465
2259,2161
2260,4669
2261,2147
2262,573
2263,3334
2264,5127
2265,544
2266,7744
2267,11514
2268,7419
2269,6972
2270,4173
2271,602
2272,2593
2273,5050
2274,2928
2275,737
2276,4497
2277,5330
2278,1963
2279,814
2280,5864
2281,11975
2282,1694
2283,2094
2284,7055
2285,3066
2286,560
2287,7802
2288,540
2289,955
2290,1989
2291,444
2292,758
2293,523
2294,485
2295,4309
2296,3671
2297,776
2298,4400
2299,4922
2300,1599
2301,6222
2302,703
2303,2872
2304,3083
2305,3737
2306,5008
2307,12094
2308,530
2309,1230
2310,1252
2311,6464
2312,1087
2313,854
2314,1790
2315,2742
2316,1031
2317,4134
2318,4092
2319,900
2320,680
2321,8678
2322,1370
2323,792
2324,1877
2325,3800
2326,1192
2327,940
2328,4116
2329,1164
2330,1710
2331,3971
2332,473
2333,984
2334,1336
2335,13610
2336,802
2337,12356
2338,1601
2339,6628
2340,6059
2341,645
2342,653
2343,9596
2344,3981
2345,4570
2346,605
2347,6115
2348,1727
2349,3226
2350,5720
2351,2839
2352,608
2353,1144
2354,6477
2355,430
2356,1883
2357,4416
2358,12255
2359,1153
2360,575
2361,801
2362,2639
2363,2057
2364,5031
2365,7076
2366,649
2367,2947
2368,3784
2369,574
2370,3080
2371,1049
2372,938
2373,3674
2374,4095
2375,5242
2376,4707
2377,3634
2378,2504
2379,3833
2380,1882
2381,12799
2382,2352
2383,877
2384,11605
2385,2712
2386,2386
2387,5548
2388,1194
2389,2544
2390,907
2391,9596
2392,579
2393,632
2394,6401
2395,326
2396,4956
2397,4092
2398,3323
2399,6429
2400,2574
2401,1188
2402,2859
2403,1056
2404,4313
2405,4078
2406,552
2407,1831
2408,912
2409,932
2410,1317
2411,511
2412,4838
2413,707
2414,5358
2415,3850
2416,4916
2417,737
2418,3941
2419,984
2420,402
2421,1764
2422,625
2423,882
2424,2470
2425,716
2426,720
2427,4876
2428,984
2429,1216
2430,1847
2431,1030
2432,844
2433,2218
2434,6224
2435,1597
2436,490
2437,4791
2438,7848
2439,3484
2440,6108
2441,12787
2442,605
2443,689
2444,1783
2445,1972
2446,2871
2447,6618
2448,698
2449,1324
2450,861
2451,8347
2452,854
2453,4469
2454,1036
2455,11437
2456,1018
2457,13155
2458,2040
2459,544
2460,1084
2461,8334
2462,821
2463,6302
2464,1605
2465,1607
2466,1117
2467,625
2468,1754
2469,403
2470,4081
2471,1007
2472,4215
2473,787
2474,1680
2475,574
2476,2066
2477,8830
2478,651
2479,1233
2480,3583
2481,710
2482,5914
2483,14498
2484,10111
2485,9103
2486,776
2487,3819
2488,4034
2489,7256
2490,619
2491,7162
2492,489
2493,6681
2494,478
2495,2398
2496,1656
2497,872
2498,3443
2499,15316
2500,10577
2501,3830
2502,576
2503,942
2504,2294
2505,4759
2506,3635
2507,7745
2508,605
2509,3377
2510,2406
2511,2367
2512,8850
2513,1016
2514,1836
2515,15717
2516,3316
2517,3519
2518,1079
2519,1257
2520,568
2521,5646
2522,1763
2523,507
2524,984
2525,2749
2526,992
2527,2332
2528,3998
2529,1621
2530,12386
2531,3027
2532,561
2533,3570
2534,381
2535,2307
2536,956
2537,2822
2538,3064
2539,1106
2540,2890
2541,8637
2542,12206
2543,442
2544,2967
2545,1207
2546,921
2547,3656
2548,969
2549,3619
2550,7727
2551,12607
2552,3419
2553,3447
2554,1739
2555,765
2556,2409
2557,612
2558,2978
2559,2064
2560,683
2561,7840
2562,5702
2563,4853
2564,863
2565,9700
2566,3649
2567,533
2568,4733
2569,1429
2570,13298
2571,2721
2572,631
2573,8442
2574,485
2575,3384
2576,1002
2577,835
2578,11661
2579,828
2580,658
2581,791
2582,1626
2583,540
2584,2510
2585,1014
2586,1925
2587,3282
2588,2063
2589,668
2590,706
2591,827
2592,2160
2593,5312
2594,625
2595,911
2596,4989
2597,1631
2598,4407
2599,2436
2600,4082
2601,740
2602,814
2603,1991
2604,787
2605,14058
2606,698
2607,4228
2608,579
2609,12151
2610,13367
2611,1094
2612,4191
2613,1052
2614,4875
2615,4116
2616,1080
2617,10534
2618,4452
2619,1857
2620,1571
2621,2079
2622,573
2623,1013
2624,6225
2625,1875
2626,1547
2627,838
2628,5882
2629,2954
2630,9235
2631,1583
2632,5133
2633,6681
2634,2001
2635,2509
2636,957
2637,4591
2638,9478
2639,9235
2640,939
2641,672
2642,4416
2643,863
2644,10316
2645,2587
2646,492
2647,2681
2648,1323
2649,574
2650,1786
2651,6533
2652,9343
2653,3611
2654,2588
2655,9290
2656,4974
2657,1892
2658,4671
2659,625
2660,1363
2661,2277
2662,1192
2663,990
2664,5914
2665,571
2666,5456
2667,5443
2668,983
2669,3206
2670,3139
2671,9784
2672,1173
2673,1720
2674,1662
2675,5091
2676,2213
2677,14581
2678,477
2679,4630
2680,2367
2681,402
2682,907
2683,3073
2684,5602
2685,675
2686,5865
2687,5184
2688,660
2689,1749
2690,11355
2691,3564
2692,1927
2693,1192
2694,1209
2695,540
2696,694
2697,3300
2698,5353
2699,8703
2700,1080
2701,1710
2702,4229
2703,3217
2704,8644
2705,5355
2706,4739
2707,3931
2708,2451
2709,1069
2710,7415
2711,10447
2712,802
2713,6129
2714,10574
2715,723
2716,1962
2717,862
2718,700
2719,1766
2720,4642
2721,928
2722,800
2723,2704
2724,1670
2725,776
2726,2230
2727,2826
2728,4059
2729,475
2730,974
2731,1554
2732,4667
2733,1046
2734,6096
2735,2333
2736,13756
2737,1659
2738,8106
2739,10080
2740,7589
2741,2401
2742,1087
2743,2696
2744,13206
2745,5766
2746,1094
2747,895
2748,758
2749,1910
2750,945
2751,5151
2752,4120
2753,608
2754,1079
2755,684
2756,11975
2757,1884
2758,462
2759,1179
2760,4502
2761,5114
2762,3975
2763,668
2764,7216
2765,936
2766,2751
2767,13686
2768,1227
2769,2206
2770,6914
2771,4800
2772,6962
2773,2841
2774,13061
2775,766
2776,5666
2777,544
2778,3447
2779,573
2780,2058
2781,666
2782,3115
2783,5005
2784,5498
2785,4114
2786,561
2787,6768
2788,2737
2789,671
2790,5067
2791,7727
2792,1069
2793,3920
2794,2394
2795,1580
2796,2581
2797,1749
2798,10852
2799,1342
2800,14400
2801,4543
2802,596
2803,4561
2804,7532
2805,709
2806,800
2807,1210
2808,8707
2809,10412
2810,1685
2811,582
2812,719
2813,3945
2814,5487
2815,5527
2816,687
2817,687
2818,7523
2819,9103
2820,3984
2821,7577
2822,7341
2823,2259
2824,4608
2825,2401
2826,5197
2827,1431
2828,579
2829,3377
2830,9457
2831,1343
2832,3359
2833,8150
2834,13994
2835,625
2836,867
2837,802
2838,775
2839,776
2840,612
2841,872
2842,2320
2843,10184
2844,4051
2845,10688
2846,776
2847,5645
2848,5544
2849,1176
2850,7583
2851,405
2852,4290
2853,1712
2854,1250
2855,11021
2856,5280
2857,847
2858,1319
2859,2515
2860,3991
2861,4485
2862,702
2863,2307
2864,8081
2865,2256
2866,1268
2867,11486
2868,3524
2869,1173
2870,5408
2871,891
2872,841
2873,2340
2874,645
2875,5993
2876,3816
2877,5158
2878,4413
2879,608
2880,6399
2881,3217
2882,5644
2883,2088
2884,631
2885,6412
2886,4939
2887,622
2888,4183
2889,1607
2890,10399
2891,7002
2892,1040
2893,4520
2894,403
2895,2398
2896,788
2897,4101
2898,10730
2899,485
2900,3333
2901,2573
2902,6094
2903,576
2904,492
2905,7260
2906,1111
2907,686
2908,596
2909,770
2910,4390
2911,6931
2912,8237
2913,412
2914,11226
2915,844
2916,1154
2917,4168
2918,1650
2919,658
2920,6335
2921,4969
2922,707
2923,9266
2924,1008
2925,460
2926,789
2927,8398
2928,919
2929,1054
2930,1676
2931,2816
2932,2368
2933,645
2934,522
2935,11422
2936,518
2937,4325
2938,1179
2939,6793
2940,4395
2941,2751
2942,886
2943,1806
2944,3109
2945,2320
2946,576
2947,816
2948,3407
2949,1003
2950,1205
2951,755
2952,2229
2953,1041
2954,3545
2955,4840
2956,4766
2957,6199
2958,3992
2959,8662
2960,4044
2961,11161
2962,1848
2963,1142
2964,805
2965,698
2966,906
2967,5068
2968,1735
2969,2048
2970,1129
2971,11611
2972,2801
2973,673
2974,3378
2975,11379
2976,2723
2977,2434
2978,1402
2979,5093
2980,2403
2981,4871
2982,2173
2983,926
2984,636
2985,3602
2986,605
2987,4811
2988,2114
2989,2240
2990,1942
2991,4974
2992,5838
2993,706
2994,14185
2995,6173
2996,4496
2997,1145
2998,3769
2999,889
3000,1245
3001,1993
3002,1673
3003,11333
3004,4586
3005,4780
3006,603
3007,4459
3008,1031
3009,12117
3010,2111
3011,1736
3012,6552
3013,809
3014,828
3015,1096
3016,1333
3017,4860
3018,2719
3019,1176
3020,1095
3021,473
3022,9055
3023,1040
3024,959
3025,695
3026,1066
3027,2558
3028,2765
3029,743
3030,521
3031,7562
3032,702
3033,2912
3034,3208
3035,606
3036,2061
3037,5516
3038,1125
3039,722
3040,602
3041,2567
3042,746
3043,1662
3044,991
3045,581
3046,4879
3047,1569
3048,718
3049,4580
3050,4404
3051,2822
3052,4026
3053,2550
3054,1200
3055,6766
3056,857
3057,432
3058,2919
3059,716
3060,828
3061,15097
3062,541
3063,8148
3064,4249
3065,4161
3066,11182
3067,473
3068,2119
3069,795
3070,5014
3071,2529
3072,7250
3073,4332
3074,487
3075,725
3076,2872
3077,2145
3078,6108
3079,4140
3080,596
3081,720
3082,5255
3083,5831
3084,2123
3085,3278
3086,1213
3087,4059
3088,4168
3089,7198
3090,4108
3091,9972
3092,645
3093,787
3094,4416
3095,7852
3096,15535
3097,561
3098,4429
3099,7223
3100,673
3101,9405
3102,625
3103,1195
3104,2170
3105,684
3106,4047
3107,706
3108,4274
3109,4200
3110,2409
3111,1407
3112,876
3113,2862
3114,6352
3115,477
3116,5367
3117,2535
3118,2179
3119,8623
3120,6532
3121,10316
3122,12971
3123,11888
3124,5276
3125,10907
3126,2161
3127,645
3128,4620
3129,1015
3130,942
3131,2028
3132,691
3133,1712
3134,1929
3135,773
3136,4630
3137,750
3138,3577
3139,882
3140,3512
3141,666
3142,3677
3143,505
3144,6654
3145,8467
3146,7286
3147,2961
3148,1412
3149,1680
3150,918
3151,1429
3152,1865
3153,14795
3154,1107
3155,553
3156,4637
3157,5967
3158,4671
3159,1018
3160,7365
3161,13307
3162,2407
3163,873
3164,1871
3165,6727
3166,4373
3167,2184
3168,5166
3169,698
3170,4125
3171,2401
3172,4784
3173,3323
3174,4867
3175,4662
3176,4223
3177,8543
3178,1433
3179,4321
3180,2812
3181,1579
3182,5937
3183,556
3184,2243
3185,8148
3186,1008
3187,7627
3188,672
3189,1338
3190,644
3191,898
3192,1561
3193,11379
3194,11419
3195,4095
3196,2138
3197,2862
3198,594
3199,438
3200,8900
3201,1439
3202,2021
3203,2274
3204,5871
3205,8000
3206,7306
3207,4592
3208,5932
3209,1728
3210,13844
3211,1819
3212,703
3213,699
3214,561
3215,6213
3216,3260
3217,643
3218,3770
3219,5301
3220,1064
3221,1624
3222,3371
3223,5171
3224,10428
3225,1208
3226,827
3227,5634
3228,2536
3229,1125
3230,6199
3231,1667
3232,8688
3233,10162
3234,8846
3235,3715
3236,4948
3237,919
3238,2008
3239,740
3240,625
3241,4008
3242,504
3243,525
3244,8064
3245,892
3246,666
3247,5539
3248,4597
3249,648
3250,2034
3251,6636
3252,6263
3253,9095
3254,470
3255,6272
3256,448
3257,15802
3258,625
3259,723
3260,907
3261,709
3262,8020
3263,1947
3264,999
3265,698
3266,1257
3267,828
3268,802
3269,12338
3270,5655
3271,1240
3272,758
3273,6157
3274,1994
3275,5666
3276,5242
3277,2281
3278,1815
3279,5927
3280,4197
3281,1076
3282,1806
3283,4916
3284,939
3285,8021
3286,10345
3287,7168
3288,671
3289,972
3290,7181
3291,544
3292,2578
3293,4036
3294,3192
3295,5578
3296,1133
3297,4201
3298,4989
3299,612
3300,901
3301,1008
3302,793
3303,1076
3304,3768
3305,465
3306,447
3307,3952
3308,4778
3309,558
3310,1158
3311,11257
3312,5231
3313,1614
3314,6416
3315,625
3316,838
3317,1264
3318,2673
3319,725
3320,2553
3321,8018
3322,705
3323,675
3324,2572
3325,5458
3326,3223
3327,4712
3328,912
3329,977
3330,4497
3331,3251
3332,1414
3333,491
3334,1214
3335,1112
3336,3993
3337,2528
3338,1053
3339,2080
3340,1013
3341,5916
3342,3429
3343,2973
3344,1230
3345,1007
3346,4989
3347,1631
3348,3229
3349,1789
3350,523
3351,2535
3352,810
3353,2841
3354,6190
3355,475
3356,6032
3357,946
3358,1415
3359,551
3360,2686
3361,709
3362,789
3363,5376
3364,9394
3365,769
3366,2389
3367,1014
3368,591
3369,485
3370,969
3371,1423
3372,6614
3373,10729
3374,6947
3375,1343
3376,4965
3377,7077
3378,7692
3379,3915
3380,2553
3381,596
3382,12231
3383,15137
3384,552
3385,625
3386,945
3387,381
3388,798
3389,1183
3390,12756
3391,1662
3392,802
3393,4324
3394,1605
3395,683
3396,1116
3397,10012
3398,4900
3399,544
3400,1181
3401,1125
3402,8688
3403,758
3404,1884
3405,6291
3406,957
3407,2839
3408,1582
3409,3668
3410,1847
3411,2959
3412,1410
3413,3337
3414,9886
3415,2064
3416,548
3417,1813
3418,6165
3419,2535
3420,2372
3421,1581
3422,7193
3423,10546
3424,6366
3425,4977
3426,698
3427,772
3428,802
3429,1403
3430,1343
3431,4158
3432,3780
3433,553
3434,1803
3435,855
3436,663
3437,1949
3438,14148
3439,663
3440,4290
3441,4372
3442,4041
3443,3108
3444,535
3445,4717
3446,459
3447,5551
3448,1664
3449,14165
3450,743
3451,608
3452,12988
3453,7294
3454,4238
3455,2845
3456,1410
3457,1857
3458,3328
3459,1549
3460,603
3461,1847
3462,1580
3463,2536
3464,2550
3465,810
3466,1094
3467,1883
3468,4381
3469,2175
3470,3167
3471,2444
3472,13317
3473,6453
3474,1700
3475,1776
3476,3384
3477,4241
3478,572
3479,9251
3480,6971
3481,2862
3482,1438
3483,10930
3484,2201
3485,1941
3486,2904
3487,563
3488,1546
3489,2662
3490,6542
3491,7365
3492,505
3493,3563
3494,1608
3495,709
3496,1238
3497,1910
3498,5058
3499,450
3500,4293
3501,1963
3502,551
3503,1031
3504,2525
3505,2425
3506,7131
3507,12996
3508,9358
3509,738
3510,805
3511,4851
3512,6623
3513,605
3514,513
3515,709
3516,1396
3517,4838
3518,2682
3519,906
3520,5017
3521,4338
3522,3126
3523,906
3524,8541
3525,776
3526,3827
3527,8233
3528,2063
3529,1073
3530,6150
3531,3447
3532,842
3533,1243
3534,7087
3535,755
3536,11406
3537,6283
3538,326
3539,5505
3540,943
3541,847
3542,11635
3543,2536
3544,8818
3545,2719
3546,3852
3547,1243
3548,761
3549,764
3550,2396
3551,4242
3552,844
3553,6848
3554,505
3555,738
3556,1038
3557,827
3558,620
3559,10006
3560,1180
3561,713
3562,13376
3563,5763
3564,3830
3565,1056
3566,506
3567,693
3568,1784
3569,608
3570,645
3571,1240
3572,924
3573,505
3574,7164
3575,4973
3576,4784
3577,3379
3578,1326
3579,1813
3580,781
3581,11405
3582,827
3583,7491
3584,2679
3585,5082
3586,5801
3587,3311
3588,1272
3589,707
3590,10266
3591,878
3592,810
3593,11851
3594,687
3595,943
3596,2599
3597,3027
3598,709
3599,629
3600,2726
3601,776
3602,8829
3603,3012
3604,2943
3605,13825
3606,435
3607,1808
3608,8348
3609,3795
3610,1008
3611,2074
3612,13061
3613,732
3614,12981
3615,6646
3616,3941
3617,2370
3618,5387
3619,4558
3620,1792
3621,421
3622,7321
3623,8820
3624,1766
3625,6833
3626,4890
3627,765
3628,854
3629,1034
3630,827
3631,1771
3632,1739
3633,2376
3634,475
3635,4916
3636,978
3637,766
3638,10215
3639,949
3640,10749
3641,1778
3642,695
3643,777
3644,2952
3645,8366
3646,1758
3647,1858
3648,801
3649,1752
3650,959
3651,1413
3652,9332
3653,1286
3654,6814
3655,965
3656,1123
3657,720
3658,5664
3659,15497
3660,4361
3661,9813
3662,1960
3663,11041
3664,13691
3665,3212
3666,3820
3667,1786
3668,3284
3669,716
3670,571
3671,473
3672,692
3673,915
3674,765
3675,561
3676,8969
3677,687
3678,1692
3679,1763
3680,394
3681,1213
3682,4950
3683,3808
3684,6121
3685,803
3686,4642
3687,2250
3688,13063
3689,4384
3690,597
3691,7133
3692,3595
3693,596
3694,2330
3695,1561
3696,5028
3697,435
3698,1563
3699,805
3700,7741
3701,870
3702,2384
3703,3288
3704,921
3705,2011
3706,5260
3707,3056
3708,1549
3709,2042
3710,3299
3711,704
3712,4878
3713,1013
3714,1069
3715,6416
3716,7848
3717,2362
3718,5514
3719,2821
3720,1438
3721,6881
3722,7786
3723,854
3724,8543
3725,1966
3726,672
3727,1716
3728,2525
3729,4082
3730,6462
3731,2453
3732,720
3733,3992
3734,625
3735,4630
3736,486
3737,1875
3738,1077
3739,2034
3740,926
3741,3845
3742,526
3743,638
3744,10399
3745,6997
3746,2583
3747,605
3748,1731
3749,1415
3750,844
3751,5543
3752,921
3753,1080
3754,617
3755,2042
3756,572
3757,2824
3758,4844
3759,489
3760,10873
3761,4441
3762,2112
3763,8348
3764,8080
3765,1084
3766,2274
3767,814
3768,1008
3769,5133
3770,3622
3771,7250
3772,3105
3773,929
3774,14956
3775,5662
3776,4719
3777,526
3778,3453
3779,851
3780,695
3781,3504
3782,2089
3783,7419
3784,743
3785,1080
3786,4172
3787,4429
3788,8866
3789,572
3790,8414
3791,5316
3792,6512
3793,6770
3794,2501
3795,2712
3796,4081
3797,2815
3798,1397
3799,10316
3800,2560
3801,8317
3802,4851
3803,518
3804,9581
3805,571
3806,540
3807,1857
3808,5673
3809,489
3810,628
3811,6932
3812,6664
3813,1822
3814,8467
3815,4327
3816,11269
3817,1121
3818,1263
3819,1778
3820,1094
3821,891
3822,2304
3823,658
3824,1773
3825,2294
3826,828
3827,828
3828,8995
3829,9124
3830,4739
3831,9106
3832,1175
3833,6871
3834,5517
3835,6442
3836,524
3837,596
3838,1656
3839,738
3840,723
3841,13691
3842,1789
3843,684
3844,5622
3845,706
3846,1289
3847,1875
3848,13853
3849,11946
3850,672
3851,1013
3852,978
3853,2188
3854,13161
3855,732
3856,454
3857,5312
3858,2110
3859,5068
3860,2767
3861,1778
3862,9710
3863,15247
3864,1235
3865,641
3866,1637
3867,15528
3868,1009
3869,710
3870,852
3871,1057
3872,1659
3873,2753
3874,3562
3875,3103
3876,1786
3877,863
3878,1341
3879,475
3880,5671
3881,6140
3882,1735
3883,12787
3884,8928
3885,14308
3886,463
3887,877
3888,12720
3889,5599
3890,7863
3891,10276
3892,2501
3893,700
3894,544
3895,3635
3896,1084
3897,5504
3898,9440
3899,4648
3900,5814
3901,2572
3902,3716
3903,776
3904,3246
3905,907
3906,463
3907,3609
3908,8189
3909,9044
3910,923
3911,794
3912,883
3913,638
3914,10896
3915,3005
3916,3519
3917,1095
3918,6814
3919,760
3920,1073
3921,6618
3922,521
3923,926
3924,2016
3925,1151
3926,1083
3927,877
3928,1081
3929,666
3930,589
3931,9046
3932,9841
3933,1814
3934,13127
3935,425
3936,2386
3937,408
3938,983
3939,886
3940,829
3941,4695
3942,8736
3943,1364
3944,743
3945,5371
3946,943
3947,844
3948,3107
3949,526
3950,3634
3951,2317
3952,9082
3953,4591
3954,1627
3955,571
3956,5031
3957,3326
3958,1598
3959,523
3960,1786
3961,789
3962,4754
3963,4755
3964,882
3965,723
3966,3671
3967,1145
3968,566
3969,2423
3970,3321
3971,1949
3972,4241
3973,6922
3974,5356
3975,3183
3976,1890
3977,1815
3978,694
3979,1892
3980,1637
3981,4249
3982,923
3983,8811
3984,7786
3985,1360
3986,683
3987,894
3988,554
3989,666
3990,465
3991,833
3992,1364
3993,698
3994,1441
3995,1994
3996,2906
3997,6362
3998,1240
3999,1632
4000,1781
4001,680
4002,2973
4003,684
4004,3625
4005,3316
4006,10078
4007,3180
4008,1433
4009,1314
4010,1754
4011,1035
4012,1061
4013,628
4014,2573
4015,10951
4016,10730
4017,1026
4018,11711
4019,10570
4020,990
4021,4228
4022,5548
4023,412
4024,4081
4025,4304
4026,828
4027,4385
4028,625
4029,1755
4030,1314
4031,1020
4032,8977
4033,3774
4034,945
4035,2491
4036,2888
4037,2626
4038,789
4039,14334
4040,10106
4041,492
4042,608
4043,828
4044,1569
4045,1110
4046,855
4047,3326
4048,671
4049,2188
4050,5342
4051,2596
4052,628
4053,926
4054,1580
4055,3794
4056,2939
4057,13904
4058,1940
4059,985
4060,680
4061,11401
4062,5984
4063,8098
4064,1739
4065,904
4066,11037
4067,7963
4068,6603
4069,4362
4070,8596
4071,550
4072,646
4073,596
4074,5351
4075,1009
4076,4051
4077,959
4078,705
4079,1008
4080,5430
4081,2838
4082,654
4083,743
4084,1436
4085,394
4086,1981
4087,4323
4088,1437
4089,6745
4090,4538
4091,5215
4092,851
4093,972
4094,732
4095,542
4096,5232
4097,732
4098,2395
4099,1388
4100,561
4101,737
4102,911
4103,509
4104,906
4105,9235
4106,7066
4107,2702
4108,3272
4109,678
4110,5051
4111,10897
4112,992
4113,605
4114,1245
4115,13068
4116,863
4117,1024
4118,2530
4119,3033
4120,2133
4121,5548
4122,1353
4123,2428
4124,700
4125,561
4126,537
4127,5197
4128,758
4129,872
4130,526
4131,1880
4132,5342
4133,756
4134,2801
4135,2868
4136,1415
4137,3749
4138,633
4139,1665
4140,3780
4141,5767
4142,1790
4143,862
4144,1040
4145,2041
4146,915
4147,3542
4148,4103
4149,7560
4150,3710
4151,698
4152,15393
4153,2318
4154,933
4155,1752
4156,7290
4157,2184
4158,1632
4159,505
4160,12617
4161,4046
4162,478
4163,2387
4164,4678
4165,473
4166,842
4167,11557
4168,5640
4169,876
4170,6441
4171,838
4172,5154
4173,3324
4174,3150
4175,725
4176,6814
4177,645
4178,5666
4179,11220
4180,4307
4181,863
4182,825
4183,5908
4184,1803
4185,776
4186,552
4187,11400
4188,2113
4189,2887
4190,6178
4191,7644
4192,658
4193,6830
4194,1607
4195,3676
4196,706
4197,6646
4198,1087
4199,5286
4200,775
4201,3528
4202,5717
4203,7864
4204,9281
4205,4427
4206,3635
4207,2484
4208,4505
4209,12454
4210,15671
4211,1295
4212,2593
4213,8085
4214,730
4215,13152
4216,1228
4217,3965
4218,753
4219,1047
4220,8163
4221,10439
4222,2026
4223,1040
4224,776
4225,1572
4226,2760
4227,5571
4228,9452
4229,3464
4230,10093
4231,4050
4232,3888
4233,668
4234,1063
4235,961
4236,580
4237,9235
4238,732
4239,863
4240,4401
4241,672
4242,13221
4243,1715
4244,4098
4245,1683
4246,633
4247,2206
4248,15485
4249,3449
4250,926
4251,4972
4252,1698
4253,15485
4254,1162
4255,516
4256,1778
4257,2362
4258,1809
4259,5914
4260,3223
4261,4228
4262,6988
4263,1415
4264,6727
4265,792
4266,1819
4267,1744
4268,4593
4269,2051
4270,2858
4271,6569
4272,4327
4273,544
4274,2841
4275,491
4276,1654
4277,3561
4278,15053
4279,4284
4280,11401
4281,2010
4282,1838
4283,510
4284,1084
4285,11948
4286,2839
4287,4278
4288,1359
4289,1374
4290,3734
4291,1446
4292,2596
4293,644
4294,459
4295,1837
4296,1897
4297,912
4298,691
4299,2196
4300,660
4301,645
4302,3519
4303,3742
4304,1155
4305,1607
4306,5898
4307,700
4308,1056
4309,2550
4310,3326
4311,754
4312,3998
4313,2553
4314,4473
4315,452
4316,11962
4317,15198
4318,1591
4319,12958
4320,14787
4321,9317
4322,5543
4323,1230
4324,15562
4325,935
4326,7519
4327,7459
4328,3742
4329,5107
4330,3235
4331,12931
4332,951
4333,2200
4334,1229
4335,3229
4336,630
4337,1800
4338,644
4339,12745
4340,1359
4341,8977
4342,756
4343,5452
4344,14603
4345,1230
4346,2411
4347,864
4348,1094
4349,2352
4350,876
4351,5556
4352,3584
4353,4659
4354,606
4355,1187
4356,3460
4357,3229
4358,1746
4359,7711
4360,3837
4361,658
4362,2569
4363,666
4364,807
4365,4416
4366,14479
4367,12956
4368,2925
4369,3164
4370,7805
4371,4851
4372,2704
4373,2415
4374,6989
4375,608
4376,1259
4377,6389
4378,3730
4379,813
4380,861
4381,776
4382,2657
4383,3796
4384,816
4385,1279
4386,4530
4387,954
4388,4927
4389,2686
4390,9863
4391,2797
4392,6416
4393,573
4394,912
4395,4839
4396,2671
4397,1120
4398,3991
4399,11268
4400,4309
4401,522
4402,898
4403,772
4404,7135
4405,2167
4406,3551
4407,3154
4408,1763
4409,5571
4410,1271
4411,916
4412,1684
4413,1050
4414,689
4415,9698
4416,1559
4417,5740
4418,3858
4419,672
4420,2016
4421,1732
4422,1030
4423,932
4424,9290
4425,1760
4426,3211
4427,2169
4428,899
4429,2694
4430,3321
4431,1911
4432,931
4433,3080
4434,1286
4435,6974
4436,4558
4437,1337
4438,4033
4439,542
4440,1746
4441,982
4442,1580
4443,5182
4444,421
4445,1020
4446,1117
4447,4680
4448,7002
4449,658
4450,4627
4451,6552
4452,1179
4453,13052
4454,5049
4455,4238
4456,5101
4457,2870
4458,1781
4459,3992
4460,3246
4461,8260
4462,1110
4463,2340
4464,4079
4465,7676
4466,622
4467,5761
4468,561
4469,2041
4470,1235
4471,942
4472,1244
4473,608
4474,3730
4475,5638
4476,4972
4477,8016
4478,15053
4479,3343
4480,4514
4481,1066
4482,1259
4483,10164
4484,644
4485,3519
4486,810
4487,4715
4488,499
4489,918
4490,15395
4491,593
4492,1710
4493,872
4494,4961
4495,485
4496,2951
4497,4325
4498,15531
4499,725
4500,13904
4501,2058
4502,5799
4503,623
4504,8232
4505,1073
4506,2387
4507,854
4508,3822
4509,2764
4510,3545
4511,7087
4512,1363
4513,608
4514,4855
4515,2185
4516,717
4517,593
4518,5809
4519,15031
4520,5897
4521,13317
4522,478
4523,1546
4524,6084
4525,4429
4526,756
4527,3033
4528,3669
4529,530
4530,2973
4531,4168
4532,4228
4533,1750
4534,1667
4535,1172
4536,984
4537,6120
4538,936
4539,9034
4540,1061
4541,2181
4542,7321
4543,1915
4544,7106
4545,4479
4546,544
4547,4493
4548,5666
4549,586
4550,11715
4551,6132
4552,758
4553,4101
4554,3562
4555,791
4556,489
4557,489
4558,530
4559,10574
4560,7500
4561,4801
4562,6162
4563,9122
4564,5504
4565,4398
4566,3441
4567,478
4568,13127
4569,1322
4570,5384
4571,977
4572,4316
4573,3740
4574,8431
4575,7392
4576,4455
4577,1745
4578,4707
4579,472
4580,3234
4581,975
4582,755
4583,6654
4584,9897
4585,3578
4586,787
4587,7176
4588,3838
4589,5242
4590,4092
4591,11119
4592,755
4593,1776
4594,621
4595,473
4596,923
4597,10907
4598,808
4599,1159
4600,12396
4601,462
4602,6479
4603,3060
4604,4497
4605,743
4606,3212
4607,723
4608,3177
4609,4593
4610,898
4611,6589
4612,2334
4613,671
4614,2821
4615,2481
4616,907
4617,2306
4618,530
4619,4338
4620,7084
4621,2527
4622,1657
4623,844
4624,3054
4625,4667
4626,2522
4627,2440
4628,1061
4629,3443
4630,2770
4631,1687
4632,880
4633,4172
4634,658
4635,916
4636,1662
4637,626
4638,1768
4639,9627
4640,596
4641,5755
4642,1064
4643,721
4644,6797
4645,572
4646,12431
4647,13730
4648,859
4649,2406
4650,2768
4651,7550
4652,2697
4653,6410
4654,1715
4655,605
4656,9374
4657,1636
4658,8743
4659,2161
4660,402
4661,863
4662,9343
4663,6328
4664,876
4665,2789
4666,1395
4667,1059
4668,874
4669,2742
4670,2435
4671,1202
4672,4370
4673,740
4674,9864
4675,2896
4676,789
4677,974
4678,475
4679,1209
4680,2608
4681,644
4682,2590
4683,2218
4684,1664
4685,866
4686,4751
4687,3346
4688,8736
4689,4965
4690,529
4691,1197
4692,3468
4693,1916
4694,1401
4695,6989
4696,1123
4697,558
4698,405
4699,3793
4700,4977
4701,765
4702,1094
4703,1041
4704,1629
4705,1250
4706,13512
4707,3655
4708,912
4709,952
4710,723
4711,1605
4712,10633
4713,3352
4714,6129
4715,1778
4716,1982
4717,6355
4718,4969
4719,6063
4720,1304
4721,5640
4722,1915
4723,2777
4724,4780
4725,1188
4726,9747
4727,3287
4728,5869
4729,2858
4730,766
4731,1116
4732,3675
4733,1739
4734,814
4735,766
4736,3393
4737,1295
4738,760
4739,645
4740,3048
4741,719
4742,2362
4743,4093
4744,6225
4745,1017
4746,3635
4747,3966
4748,1881
4749,442
4750,987
4751,3716
4752,579
4753,804
4754,9581
4755,626
4756,5367
4757,709
4758,809
4759,595
4760,4042
4761,5353
4762,1020
4763,648
4764,4981
4765,3975
4766,1807
4767,1814
4768,5027
4769,3066
4770,899
4771,630
4772,1127
4773,5551
4774,6177
4775,2053
4776,13068
4777,2753
4778,2630
4779,9878
4780,2679
4781,607
4782,530
4783,505
4784,2404
4785,6697
4786,631
4787,3858
4788,2683
4789,990
4790,803
4791,758
4792,5722
4793,969
4794,900
4795,6814
4796,8030
4797,9987
4798,1069
4799,553
4800,5197
4801,571
4802,421
4803,4060
4804,8099
4805,1179
4806,4325
4807,3304
4808,2661
4809,2209
4810,1262
4811,6972
4812,4718
4813,13299
4814,10887
4815,4194
4816,994
4817,907
4818,875
4819,579
4820,1061
4821,554
4822,1431
4823,3018
4824,578
4825,2897
4826,15829
4827,435
4828,540
4829,1746
4830,757
4831,7321
4832,3607
4833,911
4834,1783
4835,8850
4836,1449
4837,1709
4838,683
4839,589
4840,535
4841,2881
4842,2711
4843,1080
4844,5029
4845,1692
4846,1351
4847,1659
4848,3848
4849,7340
4850,3848
4851,6389
4852,2505
4853,886
4854,4344
4855,5080
4856,6350
4857,13603
4858,2567
4859,1754
4860,1206
4861,1117
4862,4064
4863,1015
4864,5276
4865,1094
4866,1607
4867,1998
4868,3507
4869,878
4870,526
4871,9009
4872,524
4873,3769
4874,942
4875,15805
4876,557
4877,11205
4878,9971
4879,3673
4880,9013
4881,9107
4882,405
4883,741
4884,4917
4885,6017
4886,8106
4887,833
4888,7303
4889,2528
4890,3427
4891,2592
4892,3194
4893,2543
4894,8015
4895,9235
4896,2317
4897,12907
4898,878
4899,6501
4900,4013
4901,1069
4902,1662
4903,9954
4904,6335
4905,8263
4906,1676
4907,1423
4908,1162
4909,12943
4910,2965
4911,1576
4912,630
4913,505
4914,4581
4915,1293
4916,2656
4917,666
4918,9489
4919,4751
4920,1624
4921,4348
4922,8154
4923,14430
4924,11417
4925,3032
4926,4715
4927,4238
4928,725
4929,984
4930,2460
4931,2293
4932,1590
4933,1638
4934,1114
4935,3648
4936,755
4937,941
4938,687
4939,957
4940,1944
4941,11035
4942,1139
4943,1084
4944,10880
4945,6509
4946,487
4947,10697
4948,911
4949,1067
4950,6409
4951,2450
4952,2805
4953,1815
4954,507
4955,2940
4956,5820
4957,1886
4958,8431
4959,2170
4960,1316
4961,1343
4962,795
4963,2952
4964,828
4965,9343
4966,3906
4967,667
4968,884
4969,4355
4970,671
4971,5325
4972,5231
4973,607
4974,2206
4975,816
4976,1683
4977,4121
4978,6980
4979,6808
4980,2359
4981,698
4982,2320
4983,1181
4984,968
4985,1955
4986,9698
4987,857
4988,1286
4989,3620
4990,470
4991,579
4992,2637
4993,1106
4994,936
4995,1209
4996,2399
4997,7229
4998,1664
4999,8377
5000,5342
5001,1059
5002,15819
5003,2973
5004,1635
5005,1431
5006,1369
5007,523
5008,4468
5009,11263
5010,819
5011,3833
5012,3911
5013,842
5014,4249
5015,7190
5016,3272
5017,2364
5018,4773
5019,932
5020,12100
5021,5498
5022,734
5023,3780
5024,15609
5025,14304
5026,2692
5027,3519
5028,537
5029,3105
5030,1295
5031,5357
5032,5331
5033,3811
5034,537
5035,1438
5036,650
5037,3352
5038,1094
5039,4955
5040,2332
5041,13225
5042,2271
5043,5273
5044,12466
5045,5697
5046,2054
5047,716
5048,802
5049,668
5050,7294
5051,1009
5052,776
5053,942
5054,4412
5055,776
5056,905
5057,842
5058,1024
5059,641
5060,605
5061,956
5062,755
5063,974
5064,766
5065,3080
5066,4400
5067,3951
5068,6972
5069,8298
5070,698
5071,13588
5072,2308
5073,1994
5074,2096
5075,1668
5076,2331
5077,846
5078,3644
5079,776
5080,826
5081,516
5082,1709
5083,4455
5084,522
5085,2967
5086,828
5087,1583
5088,1064
5089,4956
5090,2423
5091,2294
5092,7321
5093,2037
5094,8316
5095,8008
5096,7371
5097,882
5098,760
5099,6766
5100,626
5101,3755
5102,720
5103,523
5104,3250
5105,898
5106,828
5107,877
5108,3799
5109,6462
5110,449
5111,473
5112,778
5113,6783
5114,3584
5115,6199
5116,2800
5117,1031
5118,686
5119,1153
5120,1781
5121,2831
5122,2475
5123,5327
5124,3472
5125,5767
5126,726
5127,6412
5128,1803
5129,2634
5130,3251
5131,886
5132,8431
5133,12927
5134,1715
5135,3423
5136,886
5137,5998
5138,7583
5139,13903
5140,9116
5141,2451
5142,505
5143,1447
5144,15696
5145,4861
5146,5662
5147,10927
5148,4749
5149,14674
5150,1701
5151,3894
5152,8457
5153,6010
5154,3429
5155,7893
5156,533
5157,1629
5158,1809
5159,9212
5160,5000
5161,725
5162,1401
5163,492
5164,1170
5165,5340
5166,776
5167,2359
5168,885
5169,4981
5170,3652
5171,3838
5172,5412
5173,7320
5174,1984
5175,1078
5176,11764
5177,8256
5178,589
5179,453
5180,1229
5181,705
5182,675
5183,2074
5184,1039
5185,4604
5186,3816
5187,9823
5188,1577
5189,1329
5190,2362
5191,4255
5192,5080
5193,711
5194,4479
5195,1052
5196,1114
5197,3774
5198,828
5199,1614
5200,720
5201,4586
5202,7786
5203,7209
5204,4939
5205,4077
5206,2051
5207,807
5208,6552
5209,795
5210,650
5211,4039
5212,2596
5213,4516
5214,8165
5215,11708
5216,2177
5217,605
5218,1632
5219,975
5220,2625
5221,1063
5222,625
5223,4274
5224,3321
5225,3734
5226,432
5227,9352
5228,786
5229,9405
5230,9525
5231,9526
5232,2116
5233,1369
5234,773
5235,2148
5236,709
5237,6275
5238,7548
5239,1875
5240,592
5241,3774
5242,11370
5243,2644
5244,1013
5245,988
5246,667
5247,1549
5248,13730
5249,3105
5250,2313
5251,960
5252,1551
5253,7654
5254,9173
5255,6328
5256,4455
5257,3080
5258,3332
5259,4452
5260,6053
5261,4319
5262,4040
5263,2644
5264,6814
5265,11272
5266,9971
5267,2974
5268,5232
5269,924
5270,1080
5271,2378
5272,2386
5273,429
5274,760
5275,7665
5276,605
5277,1758
5278,4307
5279,570
5280,3511
5281,7695
5282,544
5283,907
5284,2559
5285,10238
5286,525
5287,3759
5288,8869
5289,3342
5290,1433
5291,713
5292,10093
5293,6380
5294,10256
5295,952
5296,421
5297,4471
5298,15322
5299,4455
5300,606
5301,4849
5302,489
5303,7049
5304,1125
5305,7005
5306,5252
5307,13711
5308,1187
5309,702
5310,1243
5311,878
5312,2318
5313,4170
5314,2314
5315,4044
5316,1229
5317,420
5318,5832
5319,5416
5320,625
5321,4494
5322,1880
5323,4067
5324,570
5325,3453
5326,13653
5327,6861
5328,1116
5329,3081
5330,435
5331,2141
5332,14948
5333,3570
5334,432
5335,2502
5336,7244
5337,15275
5338,787
5339,8994
5340,5520
5341,3235
5342,4847
5343,5704
5344,3827
5345,6037
5346,6169
5347,14240
5348,10860
5349,5505
5350,935
5351,4662
5352,9090
5353,4033
5354,5386
5355,3019
5356,5330
5357,683
5358,14792
5359,1002
5360,1638
5361,1728
5362,4291
5363,1042
5364,7113
5365,4338
5366,3053
5367,765
5368,1369
5369,552
5370,492
5371,4540
5372,872
5373,8299
5374,5233
5375,1319
5376,595
5377,3789
5378,1107
5379,442
5380,5731
5381,1922
5382,672
5383,4416
5384,7835
5385,1819
5386,12551
5387,6512
5388,3768
5389,7676
5390,3193
5391,1114
5392,9533
5393,6586
5394,1758
5395,530
5396,3716
5397,6766
5398,3557
5399,5386
5400,827
5401,895
5402,940
5403,2367
5404,1192
5405,3999
5406,625
5407,4053
5408,1899
5409,14574
5410,2734
5411,764
5412,1439
5413,1911
5414,678
5415,2527
5416,9124
5417,596
5418,4497
5419,961
5420,13307
5421,6618
5422,2753
5423,1812
5424,1318
5425,2647
5426,1991
5427,10644
5428,4788
5429,2519
5430,658
5431,874
5432,1949
5433,1199
5434,2192
5435,8157
5436,4845
5437,8190
5438,15291
5439,9090
5440,3056
5441,8165
5442,781
5443,802
5444,544
5445,4778
5446,3288
5447,605
5448,8620
5449,7320
5450,3692
5451,8227
5452,4168
5453,984
5454,3990
5455,600
5456,1270
5457,5056
5458,5502
5459,1627
5460,612
5461,1243
5462,718
5463,2706
5464,542
5465,421
5466,682
5467,4788
5468,9877
5469,5451
5470,767
5471,803
5472,5514
5473,12179
5474,2873
5475,7909
5476,10098
5477,7063
5478,452
5479,907
5480,2078
5481,5723
5482,4916
5483,708
5484,2118
5485,1819
5486,591
5487,518
5488,4077
5489,1169
5490,4016
5491,4872
5492,2123
5493,4671
5494,5232
5495,1574
5496,1719
5497,3803
5498,2016
5499,4913
5500,7928
5501,3293
5502,1397
5503,8213
5504,9095
5505,11464
5506,7616
5507,932
5508,391
5509,621
5510,1235
5511,772
5512,576
5513,8069
5514,507
5515,13288
5516,1584
5517,876
5518,8941
5519,3061
5520,4249
5521,4438
5522,1082
5523,1028
5524,2943
5525,1234
5526,2117
5527,1925
5528,1312
5529,1368
5530,1569
5531,4814
5532,2797
5533,11435
5534,3002
5535,1624
5536,2425
5537,4116
5538,7120
5539,839
5540,2596
5541,492
5542,561
5543,537
5544,900
5545,794
5546,6063
5547,929
5548,3352
5549,734
5550,6209
5551,1264
5552,7230
5553,4604
5554,3312
5555,4081
5556,705
5557,2125
5558,8969
5559,3777
5560,784
5561,5832
5562,7593
5563,689
5564,4685
5565,1145
5566,6867
5567,1786
5568,2907
5569,598
5570,968
5571,12981
5572,478
5573,6240
5574,959
5575,568
5576,15683
5577,7120
5578,8643
5579,668
5580,2495
5581,828
5582,786
5583,7945
5584,3228
5585,5270
5586,711
5587,3369
5588,3468
5589,740
5590,958
5591,865
5592,2012
5593,5820
5594,679
5595,596
5596,1607
5597,1142
5598,844
5599,2491
5600,3283
5601,911
5602,15825
5603,7677
5604,750
5605,594
5606,1657
5607,7295
5608,749
5609,802
5610,7430
5611,14915
5612,11190
5613,1243
5614,15802
5615,5759
5616,596
5617,730
5618,432
5619,14597
5620,11642
5621,1413
5622,12109
5623,5416
5624,6335
5625,1633
5626,923
5627,4064
5628,6500
5629,486
5630,8388
5631,4586
5632,3061
5633,3226
5634,5048
5635,13653
5636,4319
5637,6905
5638,1914
5639,500
5640,767
5641,2079
5642,2986
5643,6784
5644,3246
5645,969
5646,1698
5647,4471
5648,1956
5649,1258
5650,4560
5651,3081
5652,586
5653,1081
5654,3961
5655,486
5656,1917
5657,710
5658,4255
5659,904
5660,672
5661,10468
5662,4562
5663,5620
5664,3239
5665,12099
5666,7178
5667,8413
5668,3856
5669,1715
5670,720
5671,791
5672,3038
5673,851
5674,4134
5675,3070
5676,2368
5677,2287
5678,4544
5679,8654
5680,2482
5681,3493
5682,9900
5683,1097
5684,900
5685,6146
5686,10560
5687,605
5688,776
5689,1368
5690,3830
5691,608
5692,2168
5693,4196
5694,5767
5695,842
5696,776
5697,7481
5698,15316
5699,3803
5700,4238
5701,3827
5702,2800
5703,1176
5704,12193
5705,1614
5706,4194
5707,2040
5708,6196
5709,8749
5710,5729
5711,1103
5712,743
5713,698
5714,530
5715,5197
5716,1753
5717,6062
5718,2737
5719,675
5720,4328
5721,3971
5722,4246
5723,715
5724,6533
5725,2111
5726,10063
5727,419
5728,2773
5729,6080
5730,1087
5731,855
5732,608
5733,15517
5734,1559
5735,2409
5736,4788
5737,1383
5738,6286
5739,673
5740,1014
5741,590
5742,7726
5743,407
5744,10570
5745,732
5746,738
5747,3652
5748,746
5749,1556
5750,857
5751,9401
5752,4078
5753,789
5754,9823
5755,756
5756,429
5757,1593
5758,6758
5759,2752
5760,776
5761,1250
5762,3180
5763,1397
5764,2854
5765,2846
5766,1656
5767,12071
5768,5761
5769,14620
5770,2297
5771,6225
5772,911
5773,2176
5774,1556
5775,8112
5776,5408
5777,5171
5778,626
5779,8467
5780,10046
5781,732
5782,1052
5783,3099
5784,7729
5785,3519
5786,4054
5787,2229
5788,7162
5789,7161
5790,1209
5791,1257
5792,7639
5793,4796
5794,1333
5795,658
5796,949
5797,1800
5798,3779
5799,1039
5800,544
5801,7364
5802,468
5803,2054
5804,1724
5805,918
5806,2594
5807,6784
5808,447
5809,877
5810,8574
5811,6804
5812,12791
5813,7250
5814,3502
5815,719
5816,12823
5817,3053
5818,552
5819,1123
5820,558
5821,614
5822,4185
5823,625
5824,871
5825,2401
5826,4101
5827,11464
5828,2919
5829,5040
5830,3822
5831,2052
5832,3112
5833,1825
5834,1358
5835,10984
5836,1314
5837,3802
5838,525
5839,1107
5840,5214
5841,936
5842,2344
5843,9996
5844,500
5845,1286
5846,3493
5847,4381
5848,1552
5849,984
5850,408
5851,873
5852,3538
5853,6261
5854,1624
5855,4312
5856,11257
5857,12688
5858,1646
5859,8400
5860,3333
5861,4060
5862,2415
5863,952
5864,1433
5865,7875
5866,4127
5867,1569
5868,3235
5869,13007
5870,798
5871,823
5872,9677
5873,2887
5874,7716
5875,3066
5876,6629
5877,956
5878,1752
5879,644
5880,708
5881,1250
5882,1637
5883,2171
5884,941
5885,2142
5886,394
5887,9478
5888,805
5889,666
5890,5423
5891,829
5892,4956
5893,3876
5894,8157
5895,787
5896,3993
5897,5907
5898,596
5899,2135
5900,4937
5901,422
5902,5817
5903,4690
5904,6352
5905,5995
5906,625
5907,931
5908,1442
5909,11554
5910,7003
5911,4633
5912,709
5913,682
5914,1114
5915,7098
5916,878
5917,1584
5918,8782
5919,758
5920,1116
5921,5554
5922,7812
5923,12231
5924,4142
5925,3153
5926,1554
5927,13623
5928,2410
5929,923
5930,1552
5931,3898
5932,4072
5933,957
5934,1781
5935,3854
5936,9225
5937,515
5938,8810
5939,947
5940,12967
5941,862
5942,2318
5943,12379
5944,447
5945,2757
5946,10076
5947,9030
5948,2905
5949,848
5950,788
5951,7644
5952,2164
5953,776
5954,11400
5955,1056
5956,2139
5957,3167
5958,1043
5959,4547
5960,402
5961,505
5962,4774
5963,596
5964,2757
5965,7544
5966,2576
5967,3466
5968,449
5969,5241
5970,2381
5971,3428
5972,1046
5973,1052
5974,576
5975,9856
5976,8994
5977,997
5978,449
5979,2167
5980,1949
5981,11093
5982,1984
5983,666
5984,789
5985,1565
5986,9483
5987,1814
5988,1088
5989,2935
5990,4755
5991,899
5992,568
5993,4434
5994,1299
5995,1877
5996,9557
5997,544
5998,3827
5999,453
6000,2210
6001,2295
6002,4096
6003,1205
6004,4914
6005,7114
6006,910
6007,6152
6008,4808
6009,1838
6010,11096
6011,958
6012,718
6013,2821
6014,15563
6015,7321
6016,872
6017,5223
6018,4471
6019,956
6020,6401
6021,710
6022,3019
6023,5005
6024,698
6025,3265
6026,1338
6027,4959
6028,971
6029,1624
6030,11303
6031,5387
6032,945
6033,5120
6034,973
6035,14479
6036,2256
6037,4962
6038,6573
6039,1331
6040,1624
6041,9216
6042,3793
6043,707
6044,1561
6045,3084
6046,587
6047,927
6048,4162
6049,1875
6050,743
6051,683
6052,540
6053,1637
6054,3019
6055,6926
6056,1040
6057,1882
6058,389
6059,5698
6060,1569
6061,2751
6062,10428
6063,710
6064,8794
6065,1433
6066,5220
6067,4304
6068,787
6069,702
6070,605
6071,1944
6072,6962
6073,9702
6074,616
6075,2590
6076,982
6077,2123
6078,530
6079,700
6080,9317
6081,1116
6082,2098
6083,3872
6084,1006
6085,933
6086,4037
6087,4414
6088,5557
6089,5113
6090,3692
6091,8623
6092,3864
6093,3897
6094,1733
6095,854
6096,773
6097,2370
6098,5278
6099,3714
6100,3047
6101,648
6102,15272
6103,540
6104,704
6105,2376
6106,1087
6107,7792
6108,10055
6109,1389
6110,13286
6111,5073
6112,1264
6113,3045
6114,832
6115,2426
6116,1094
6117,2827
6118,11954
6119,944
6120,10850
6121,7262
6122,4456
6123,2075
6124,5429
6125,5525
6126,3108
6127,7589
6128,1179
6129,628
6130,742
6131,958
6132,798
6133,625
6134,3561
6135,2535
6136,10224
6137,485
6138,15843
6139,3986
6140,1061
6141,1576
6142,3457
6143,595
6144,4328
6145,936
6146,967
6147,2225
6148,3902
6149,2343
6150,2137
6151,1257
6152,1262
6153,2278
6154,3075
6155,5017
6156,849
6157,9139
6158,765
6159,611
6160,9193
6161,1258
6162,10351
6163,407
6164,1783
6165,1046
6166,8922
6167,1415
6168,3123
6169,6825
6170,3996
6171,1076
6172,956
6173,3993
6174,1755
6175,489
6176,485
6177,6646
6178,2656
6179,2677
6180,2548
6181,708
6182,1077
6183,1368
6184,1163
6185,816
6186,943
6187,2737
6188,710
6189,3801
6190,1659
6191,975
6192,4010
6193,4669
6194,1036
6195,6091
6196,1387
6197,4637
6198,10534
6199,2651
6200,1847
6201,598
6202,961
6203,7415
6204,485
6205,2351
6206,2679
6207,1576
6208,6806
6209,15282
6210,4218
6211,2550
6212,4304
6213,3634
6214,5008
6215,2453
6216,6360
6217,1040
6218,893
6219,459
6220,3768
6221,6308
6222,9169
6223,9290
6224,8034
6225,8596
6226,957
6227,477
6228,5455
6229,2872
6230,591
6231,4707
6232,3011
6233,2195
6234,1632
6235,4627
6236,434
6237,2896
6238,737
6239,7523
6240,3385
6241,4980
6242,787
6243,5600
6244,12179
6245,1013
6246,5925
6247,3036
6248,3787
6249,2856
6250,4034
6251,2088
6252,2207
6253,12282
6254,3557
6255,1436
6256,2593
6257,2120
6258,3732
6259,583
6260,658
6261,658
6262,686
6263,710
6264,3108
6265,6169
6266,521
6267,669
6268,817
6269,6459
6270,3770
6271,730
6272,7346
6273,2647
6274,8192
6275,850
6276,1042
6277,3678
6278,432
6279,8941
6280,1607
6281,8928
6282,3945
6283,2401
6284,789
6285,10080
6286,5429
6287,4989
6288,2074
6289,552
6290,537
6291,923
6292,715
6293,1554
6294,984
6295,389
6296,625
6297,1656
6298,3707
6299,2903
6300,524
6301,3226
6302,2689
6303,5854
6304,952
6305,2116
6306,2642
6307,8648
6308,982
6309,7701
6310,14792
6311,7577
6312,579
6313,765
6314,505
6315,898
6316,589
6317,1235
6318,1368
6319,672
6320,5034
6321,2215
6322,4211
6323,3081
6324,5429
6325,7483
6326,695
6327,779
6328,2846
6329,452
6330,9374
6331,4788
6332,4284
6333,15478
6334,9177
6335,683
6336,1683
6337,500
6338,13169
6339,798
6340,5042
6341,2395
6342,1832
6343,814
6344,898
6345,6438
6346,625
6347,5219
6348,914
6349,880
6350,2553
6351,3003
6352,5338
6353,2458
6354,794
6355,820
6356,886
6357,924
6358,8294
6359,2700
6360,612
6361,438
6362,4150
6363,1308
6364,1023
6365,2518
6366,753
6367,11037
6368,994
6369,6236
6370,9627
6371,949
6372,2578
6373,776
6374,6805
6375,4072
6376,4416
6377,6418
6378,12474
6379,1107
6380,1909
6381,12229
6382,5056
6383,583
6384,14795
6385,2218
6386,800
6387,658
6388,3619
6389,8317
6390,1064
6391,402
6392,10896
6393,975
6394,3723
6395,1061
6396,878
6397,2196
6398,11470
6399,4659
6400,3180
6401,1736
6402,4798
6403,11296
6404,927
6405,1112
6406,521
6407,605
6408,4837
6409,1168
6410,8080
6411,816
6412,6159
6413,1066
6414,844
6415,461
6416,8110
6417,8032
6418,2800
6419,2340
6420,1419
6421,579
6422,998
6423,573
6424,625
6425,794
6426,449
6427,576
6428,1105
6429,5293
6430,700
6431,3167
6432,936
6433,15756
6434,485
6435,761
6436,553
6437,605
6438,2505
6439,5701
6440,924
6441,7485
6442,3466
6443,1393
6444,5728
6445,4125
6446,1701
6447,8956
6448,720
6449,921
6450,795
6451,605
6452,1353
6453,7745
6454,8584
6455,589
6456,698
6457,838
6458,2167
6459,2467
6460,3724
6461,1163
6462,590
6463,5356
6464,5018
6465,904
6466,7389
6467,743
6468,5342
6469,3001
6470,2496
6471,10562
6472,14199
6473,605
6474,1962
6475,852
6476,454
6477,1129
6478,3734
6479,2749
6480,919
6481,9242
6482,707
6483,4719
6484,2460
6485,1203
6486,2638
6487,1179
6488,3844
6489,892
6490,8631
6491,1972
6492,3710
6493,4158
6494,755
6495,1438
6496,5476
6497,1989
6498,732
6499,737
6500,435
6501,586
6502,4837
6503,8660
6504,2962
6505,4232
6506,3300
6507,523
6508,4633
6509,489
6510,5935
6511,1624
6512,2369
6513,4915
6514,3734
6515,4872
6516,6788
6517,15164
6518,1389
6519,609
6520,3997
6521,1257
6522,6970
6523,7560
6524,11194
6525,14105
6526,504
6527,629
6528,2621
6529,6563
6530,13211
6531,4838
6532,9664
6533,605
6534,1297
6535,698
6536,2730
6537,4633
6538,1412
6539,2846
6540,5050
6541,2196
6542,1694
6543,2882
6544,1289
6545,449
6546,702
6547,2525
6548,13474
6549,3534
6550,3863
6551,1020
6552,5379
6553,5278
6554,4833
6555,1787
6556,4704
6557,719
6558,625
6559,2831
6560,702
6561,1659
6562,4042
6563,891
6564,5227
6565,802
6566,5645
6567,912
6568,660
6569,5546
6570,4805
6571,3993
6572,4493
6573,4603
6574,666
6575,11322
6576,3286
6577,5014
6578,13512
6579,480
6580,2900
6581,1821
6582,6272
6583,1097
6584,491
6585,2698
6586,3736
6587,3082
6588,5018
6589,4301
6590,3248
6591,935
6592,7487
6593,620
6594,6080
6595,1728
6596,6963
6597,4958
6598,603
6599,669
6600,2519
6601,3334
6602,1668
6603,5232
6604,631
6605,619
6606,3011
6607,7526
6608,15497
6609,626
6610,2647
6611,12261
6612,1608
6613,1743
6614,8245
6615,4065
6616,1607
6617,767
6618,2499
6619,11206
6620,552
6621,10669
6622,4749
6623,1778
6624,1306
6625,2117
6626,7292
6627,911
6628,4072
6629,1728
6630,786
6631,7548
6632,8106
6633,421
6634,852
6635,3206
6636,463
6637,5946
6638,403
6639,1008
6640,1395
6641,7438
6642,1058
6643,3318
6644,2085
6645,1412
6646,2052
6647,435
6648,484
6649,15312
6650,1806
6651,1989
6652,3411
6653,1098
6654,1625
6655,3361
6656,596
6657,8681
6658,2106
6659,891
6660,1237
6661,1721
6662,1619
6663,1778
6664,4375
6665,9900
6666,2297
6667,5443
6668,1187
6669,2443
6670,1080
6671,5899
6672,2450
6673,702
6674,4496
6675,792
6676,1110
6677,4119
6678,1838
6679,2052
6680,14542
6681,476
6682,1124
6683,3425
6684,1107
6685,1287
6686,5091
6687,3736
6688,933
6689,1815
6690,3476
6691,6459
6692,9337
6693,776
6694,570
6695,6558
6696,3745
6697,8572
6698,4093
6699,1723
6700,3555
6701,7722
6702,4469
6703,401
6704,9216
6705,823
6706,4981
6707,710
6708,6683
6709,1299
6710,3841
6711,5746
6712,4200
6713,3129
6714,5122
6715,504
6716,2874
6717,4213
6718,1551
6719,993
6720,6814
6721,9904
6722,1031
6723,12336
6724,2015
6725,544
6726,851
6727,2673
6728,2797
6729,2005
6730,956
6731,489
6732,942
6733,2644
6734,4862
6735,945
6736,844
6737,6439
6738,2896
6739,944
6740,5329
6741,4238
6742,9139
6743,1985
6744,7727
6745,1655
6746,597
6747,5436
6748,11826
6749,6272
6750,13369
6751,11430
6752,461
6753,2211
6754,7101
6755,6645
6756,3621
6757,5849
6758,1016
6759,992
6760,1071
6761,2657
6762,9587
6763,3763
6764,11330
6765,1010
6766,1244
6767,871
6768,1231
6769,2458
6770,6492
6771,2536
6772,462
6773,7411
6774,10861
6775,7532
6776,8918
6777,5087
6778,8907
6779,548
6780,544
6781,3641
6782,1295
6783,979
6784,4067
6785,838
6786,1095
6787,1295
6788,749
6789,1295
6790,1404
6791,2873
6792,477
6793,506
6794,3610
6795,1672
6796,1240
6797,2477
6798,1421
6799,545
6800,2594
6801,590
6802,7240
6803,3107
6804,2843
6805,810
6806,872
6807,2467
6808,13691
6809,6662
6810,895
6811,9898
6812,2659
6813,7812
6814,1792
6815,9618
6816,13528
6817,14660
6818,684
6819,13588
6820,15153
6821,4441
6822,2550
6823,7714
6824,2386
6825,995
6826,1897
6827,1159
6828,1299
6829,663
6830,1040
6831,2293
6832,482
6833,2537
6834,3965
6835,766
6836,10767
6837,2511
6838,4120
6839,1109
6840,1988
6841,1397
6842,9095
6843,11268
6844,1662
6845,5091
6846,1009
6847,732
6848,1063
6849,6632
6850,4012
6851,1431
6852,2628
6853,3985
6854,2682
6855,4218
6856,5283
6857,3897
6858,6337
6859,492
6860,755
6861,1238
6862,7532
6863,1579
6864,780
6865,15140
6866,957
6867,4284
6868,1011
6869,1877
6870,2345
6871,10772
6872,4061
6873,6419
6874,1370
6875,2188
6876,1125
6877,1810
6878,1333
6879,906
6880,9169
6881,781
6882,11888
6883,758
6884,1736
6885,7727
6886,13421
6887,1396
6888,2347
6889,2729
6890,891
6891,1274
6892,15225
6893,800
6894,4004
6895,1819
6896,5342
6897,1181
6898,541
6899,3662
6900,931
6901,2507
6902,1232
6903,5416
6904,798
6905,2194
6906,1896
6907,3093
6908,10833
6909,6922
6910,2870
6911,6250
6912,1063
6913,905
6914,1982
6915,988
6916,561
6917,2675
6918,4123
6919,1624
6920,821
6921,2612
6922,9556
6923,9465
6924,1337
6925,3089
6926,4469
6927,12071
6928,6300
6929,6713
6930,2838
6931,459
6932,1914
6933,1437
6934,4518
6935,2510
6936,4320
6937,7983
6938,1414
6939,1847
6940,15494
6941,5113
6942,5864
6943,2062
6944,1632
6945,1268
6946,5270
6947,1753
6948,684
6949,912
6950,1015
6951,596
6952,3248
6953,4427
6954,2860
6955,534
6956,1977
6957,726
6958,4690
6959,1672
6960,1607
6961,948
6962,4788
6963,7450
6964,454
6965,4437
6966,1447
6967,9216
6968,394
6969,12308
6970,6974
6971,9897
6972,5702
6973,13686
6974,855
6975,6162
6976,6099
6977,1983
6978,14430
6979,687
6980,1819
6981,2066
6982,9359
6983,652
6984,8120
6985,540
6986,3489
6987,14581
6988,7321
6989,10173
6990,628
6991,1065
6992,3584
6993,759
6994,6955
6995,9046
6996,12466
6997,10874
6998,787
6999,878
7000,10775
7001,6418
7002,921
7003,1061
7004,6416
7005,574
7006,4416
7007,5930
7008,4502
7009,5229
7010,7985
7011,518
7012,9203
7013,1133
7014,649
7015,10623
7016,3053
7017,579
7018,6232
7019,1776
7020,672
7021,709
7022,2462
7023,2596
7024,1995
7025,5897
7026,4242
7027,1793
7028,921
7029,3109
7030,1710
7031,499
7032,4788
7033,7740
7034,592
7035,10534
7036,541
7037,3572
7038,421
7039,11721
7040,4513
7041,932
7042,8094
7043,459
7044,4620
7045,3780
7046,3581
7047,2422
7048,7215
7049,1580
7050,795
7051,4980
7052,432
7053,5014
7054,5729
7055,5499
7056,3511
7057,4667
7058,3008
7059,1899
7060,5806
7061,1350
7062,942
7063,10693
7064,3248
7065,11826
7066,4547
7067,789
7068,6604
7069,695
7070,5747
7071,6904
7072,7927
7073,6505
7074,2947
7075,1781
7076,3097
7077,1920
7078,1446
7079,1112
7080,690
7081,506
7082,5569
7083,525
7084,5086
7085,7575
7086,12723
7087,4194
7088,1378
7089,1628
7090,657
7091,6323
7092,755
7093,500
7094,2451
7095,1279
7096,1074
7097,1607
7098,2897
7099,1013
7100,2525
7101,789
7102,449
7103,815
7104,900
7105,11712
7106,13485
7107,1151
7108,954
7109,9763
7110,1135
7111,789
7112,1052
7113,772
7114,1114
7115,4338
7116,2370
7117,854
7118,7786
7119,6397
7120,1431
7121,8852
7122,1754
7123,5748
7124,844
7125,568
7126,447
7127,773
7128,2816
7129,8836
7130,1653
7131,895
7132,11370
7133,1875
7134,6335
7135,1814
7136,5834
7137,5759
7138,1550
7139,6606
7140,3192
7141,485
7142,1857
7143,3038
7144,556
7145,1845
7146,3118
7147,906
7148,489
7149,629
7150,1882
7151,673
7152,1195
7153,4327
7154,7037
7155,2618
7156,4368
7157,15293
7158,3444
7159,2777
7160,4406
7161,8145
7162,827
7163,473
7164,8074
7165,538
7166,6971
7167,766
7168,5048
7169,936
7170,870
7171,5986
7172,6159
7173,1073
7174,1168
7175,2275
7176,660
7177,1318
7178,706
7179,10028
7180,432
7181,7519
7182,2064
7183,1155
7184,1238
7185,4140
7186,1041
7187,755
7188,1651
7189,2333
7190,1787
7191,1890
7192,485
7193,14256
7194,7175
7195,1378
7196,14410
7197,1439
7198,6569
7199,1879
7200,6573
7201,3251
7202,904
7203,6328
7204,719
7205,1849
7206,673
7207,5329
7208,597
7209,940
7210,3599
7211,6419
7212,6856
7213,4680
7214,490
7215,2290
7216,827
7217,8588
7218,807
7219,7105
7220,1369
7221,5372
7222,1419
7223,4703
7224,7392
7225,1365
7226,4366
7227,2686
7228,952
7229,853
7230,6464
7231,2872
7232,8674
7233,470
7234,3185
7235,574
7236,596
7237,4228
7238,4322
7239,1616
7240,4172
7241,675
7242,5017
7243,732
7244,5551
7245,2812
7246,798
7247,3951
7248,4630
7249,1698
7250,1819
7251,1002
7252,2657
7253,1605
7254,1554
7255,10602
7256,7485
7257,4769
7258,844
7259,3856
7260,2389
7261,10725
7262,2657
7263,4969
7264,1662
7265,8347
7266,4680
7267,4064
7268,1046
7269,886
7270,5327
7271,8865
7272,878
7273,773
7274,5032
7275,7131
7276,8969
7277,982
7278,658
7279,5468
7280,4071
7281,2370
7282,827
7283,1125
7284,1577
7285,4851
7286,4520
7287,492
7288,1819
7289,450
7290,4646
7291,629
7292,3759
7293,1881
7294,1095
7295,4238
7296,575
7297,740
7298,4969
7299,1644
7300,2131
7301,14482
7302,2312
7303,6969
7304,923
7305,9317
7306,2394
7307,1857
7308,1114
7309,4704
7310,939
7311,8794
7312,1061
7313,2318
7314,881
7315,3652
7316,1942
7317,4413
7318,4195
7319,623
7320,544
7321,492
7322,1611
7323,2273
7324,1571
7325,2079
7326,11856
7327,5587
7328,6727
7329,746
7330,1882
7331,2288
7332,2437
7333,1352
7334,11520
7335,7197
7336,963
7337,676
7338,14412
7339,3181
7340,4291
7341,956
7342,1442
7343,9912
7344,658
7345,579
7346,960
7347,972
7348,1084
7349,459
7350,827
7351,605
7352,516
7353,480
7354,2092
7355,3057
7356,1985
7357,1723
7358,5783
7359,4562
7360,4880
7361,11681
7362,7923
7363,1295
7364,765
7365,3772
7366,6468
7367,5184
7368,1128
7369,394
7370,4042
7371,4648
7372,1359
7373,695
7374,9265
7375,1331
7376,556
7377,8115
7378,521
7379,732
7380,2398
7381,3648
7382,623
7383,14581
7384,460
7385,13016
7386,2527
7387,8219
7388,1235
